Period_Date,MID,DBA,Pricing,Rep,Rep_ID,NSD,NSD_ID,Approved Date,Sales Volume,Transaction Count,Gross Profit,Net Residual Before %,Net Residual
2025-10-01,8739786066450433.0,Premier Auto Shop LLC,IC,John Smith,9002.0,Alex,9002.0,10/3/2024,26600.96,12.0,36.66,20.06,10.03
2025-10-01,8739793929711424.0,Elite Auto Shop,DP,John Smith,9002.0,Alex,9002.0,9/10/2025,18407.58,4.0,345.41,317.48,158.74
2025-10-01,8739728121440902.0,Quality Auto Shop,DP,John Smith,9002.0,Alex,9002.0,2/28/2025,748.9,52.0,0.84,-19.89,-9.94
2025-10-01,8739734381967768.0,Superior Auto Shop Co,DP,John Smith,9002.0,Alex,9002.0,8/12/2025,4916.05,11.0,111.06,85.95,42.98
2025-10-01,815221422885.0,Prime Auto Shop,IC,John Smith,9002.0,Alex,9002.0,8/25/2025,9485.19,37.0,44.86,28.2,14.1
2025-10-01,8739745252227899.0,Professional Auto Shop,IC,John Smith,9002.0,Alex,9002.0,7/26/2024,20296.4,33.0,134.42,96.7,48.35
2025-10-01,8739729241513089.0,Advanced Auto Shop Corp,DP,John Smith,9002.0,Alex,9002.0,7/17/2024,5126.34,18.0,177.74,157.82,78.91
2025-10-01,8739792930734136.0,Modern Auto Shop,DP,John Smith,9002.0,Alex,9002.0,7/17/2024,8729.95,80.0,207.45,186.98,93.49
2025-10-01,8739723074066748.0,Classic Auto Shop,IC,John Smith,9002.0,Alex,9002.0,4/3/2025,13609.12,303.0,74.08,45.37,22.68
2025-10-01,8739700807940957.0,Express Auto Shop Inc,DP,John Smith,9002.0,Alex,9002.0,9/17/2025,0.0,0.0,51.55,1.56,0.78
2025-10-01,8739760638805457.0,Premier Restaurant,DP,John Smith,9002.0,Alex,9002.0,6/10/2024,343.2,3.0,50.68,13.38,6.69
2025-10-01,8739703227385635.0,Elite Restaurant,DP,John Smith,9002.0,Alex,9002.0,9/26/2025,25406.14,160.0,470.95,424.67,212.34
2025-10-01,8739769535500001.0,Quality Restaurant LLC,IC,John Smith,9002.0,Alex,9002.0,5/5/2024,0.0,0.0,58.5,18.5,9.25
2025-10-01,8739778002495932.0,Superior Restaurant,DP,John Smith,9002.0,Alex,9002.0,3/6/2025,0.0,0.0,26.55,-18.4,-9.2
2025-10-01,8739783764653811.0,Prime Restaurant,DP,John Smith,9002.0,Alex,9002.0,6/17/2025,919.36,5.0,33.12,6.97,3.48
2025-10-01,8739725687316057.0,Professional Restaurant Co,DP,John Smith,9002.0,Alex,9002.0,9/5/2025,4508.43,15.0,124.89,90.22,45.11
2025-10-01,8739779032583920.0,Advanced Restaurant,DP,John Smith,9002.0,Alex,9002.0,10/14/2024,0.0,0.0,46.55,6.55,3.28
2025-10-01,8739776150584369.0,Modern Restaurant,DP,John Smith,9002.0,Alex,9002.0,7/14/2025,0.0,0.0,0.0,-40.0,-20.0
2025-10-01,8739734514113013.0,Classic Restaurant Corp,IC,John Smith,9002.0,Alex,9002.0,1/22/2025,954.15,4.0,42.0,-7.7,-3.85
2025-10-01,8739774601302792.0,Express Restaurant,DP,John Smith,9002.0,Alex,9002.0,10/31/2025,0.0,0.0,-2.5,-17.5,-8.75
2025-10-01,8739793936584297.0,Premier Retail Store,DP,John Smith,9002.0,Alex,9002.0,10/31/2025,0.0,0.0,-2.5,-17.5,-8.75
2025-10-01,8739766254521042.0,Elite Retail Store Inc,DP,John Smith,9002.0,Alex,9002.0,10/16/2025,0.01,1.0,46.34,6.34,3.17
2025-10-01,8739797274678664.0,Quality Retail Store,DP,John Smith,9002.0,Alex,9002.0,10/31/2025,0.0,0.0,-2.5,-17.5,-8.75
2025-10-01,8739798287909167.0,Superior Retail Store,IC,Sarah Smith,9002.0,Alex,9002.0,4/23/2025,155379.45,12.0,580.18,564.64,261.08
2025-10-01,8739713786482505.0,Prime Retail Store LLC,IC,Sarah Smith,9002.0,Alex,9002.0,4/14/2025,0.0,0.0,46.55,46.55,20.95
2025-10-01,8739766694283984.0,Professional Retail Store,IC,Sarah Smith,9002.0,Alex,9002.0,4/10/2025,104399.2,417.0,550.98,550.98,247.94
2025-10-01,8739782824753080.0,Advanced Retail Store,IC,Sarah Smith,9002.0,Alex,9002.0,3/18/2025,14622.72,108.0,113.31,98.37,50.99
2025-10-01,8739791424259249.0,Modern Retail Store Co,DP,Michael Smith,9050.0,Alex,9002.0,7/2/2025,4427.0,2.0,27.57,1.15,0.52
2025-10-01,8739737009453228.0,Classic Retail Store,DP,Michael Smith,9050.0,Alex,9002.0,10/6/2025,104.02,3.0,54.04,3.05,1.37
2025-10-01,8739755745925097.0,Express Retail Store,DP,Jennifer Smith,9015.0,,,6/14/2024,0.0,0.0,6.55,-8.45,-3.8
2025-10-01,554402009992314.0,Premier Medical Center Corp,IC,David Smith,9019.0,,,4/30/2024,127216.94,2204.0,544.45,544.45,544.45
2025-10-01,8739761921965702.0,Elite Medical Center,IC,Lisa Smith,9043.0,,,7/31/2024,89493.21,3422.0,1018.61,680.32,306.14
2025-10-01,8739747756267097.0,Quality Medical Center,IC,Robert Smith,9006.0,Chris,9013.0,3/26/2025,0.0,0.0,36.5,16.55,7.45
2025-10-01,815213177885.0,Superior Medical Center Inc,DP,Robert Smith,9006.0,Chris,9013.0,3/17/2025,0.0,0.0,61.45,46.45,20.9
2025-10-01,815213176887.0,Prime Medical Center,DP,Robert Smith,9006.0,Chris,9013.0,3/17/2025,0.0,0.0,61.45,46.45,20.9
2025-10-01,8739780066111906.0,Professional Medical Center,IC,Robert Smith,9006.0,Chris,9013.0,6/3/2025,9709.47,312.0,63.59,34.03,15.31
2025-10-01,8739713028465182.0,Advanced Medical Center LLC,DP,Robert Smith,9006.0,Chris,9013.0,7/3/2025,0.0,0.0,46.55,31.55,14.2
2025-10-01,8739785423024441.0,Modern Medical Center,DP,Emily Smith,9013.0,Chris,9013.0,4/27/2025,2065.35,90.0,-364.99,-382.1,-191.05
2025-10-01,554402009860644.0,Classic Medical Center,DP,Emily Smith,9013.0,Chris,9013.0,8/16/2024,29913.22,691.0,644.33,598.72,299.36
2025-10-01,8739777203431878.0,Express Medical Center Co,IC,Emily Smith,9013.0,Chris,9013.0,9/9/2024,0.0,0.0,26.55,-13.45,-6.72
2025-10-01,815222258882.0,Premier Consulting,DP,Emily Smith,9013.0,Chris,9013.0,9/12/2025,5188.6,165.0,88.92,68.54,34.27
2025-10-01,8739721660773734.0,Elite Consulting,DP,Emily Smith,9013.0,Chris,9013.0,7/11/2025,0.0,0.0,21.55,6.55,3.28
2025-10-01,8739755420908037.0,Quality Consulting Corp,DP,Emily Smith,9013.0,Chris,9013.0,6/17/2024,7198.81,12.0,90.1,63.25,31.62
2025-10-01,8739755986942380.0,Superior Consulting,DP,Emily Smith,9013.0,Chris,9013.0,4/22/2025,27899.72,646.0,620.49,576.7,288.35
2025-10-01,8739778371447208.0,Prime Consulting,DP,Emily Smith,9013.0,Chris,9013.0,7/22/2025,800.8,5.0,29.86,9.07,4.54
2025-10-01,8739716660818107.0,Professional Consulting Inc,DP,Emily Smith,9013.0,Chris,9013.0,6/4/2025,9071.26,11.0,248.52,208.76,104.38
2025-10-01,815222742885.0,Advanced Consulting,DP,Emily Smith,9013.0,Chris,9013.0,9/24/2025,3256.49,119.0,19.17,0.8,0.4
2025-10-01,815222828882.0,Modern Consulting,DP,Emily Smith,9013.0,Chris,9013.0,9/25/2025,39.02,2.0,30.33,-8.57,-4.28
2025-10-01,554402009827320.0,Classic Consulting LLC,DP,Emily Smith,9013.0,Chris,9013.0,9/13/2024,0.0,0.0,0.0,-15.0,-7.5
2025-10-01,815214267883.0,Express Consulting,DP,Emily Smith,9013.0,Chris,9013.0,4/7/2025,0.0,0.0,0.0,-15.0,-7.5
2025-10-01,8739708091933117.0,Premier Services,IC,Emily Smith,9013.0,Chris,9013.0,2/25/2025,4256.05,17.0,65.56,36.54,18.27
2025-10-01,8739703437657177.0,Elite Services Co,DP,Emily Smith,9013.0,Chris,9013.0,7/7/2025,0.0,0.0,41.55,-8.44,-4.22
2025-10-01,8739740353373687.0,Quality Services,DP,Emily Smith,9013.0,Chris,9013.0,6/28/2024,64040.41,274.0,1118.41,1018.74,509.37
2025-10-01,815218921881.0,Superior Services,DP,Emily Smith,9013.0,Chris,9013.0,7/2/2025,0.0,0.0,81.45,41.45,20.72
2025-10-01,815220646880.0,Prime Services Corp,DP,Emily Smith,9013.0,Chris,9013.0,8/12/2025,75061.49,1564.0,676.46,584.57,292.29
2025-10-01,554402009832221.0,Professional Services,DP,Emily Smith,9013.0,Chris,9013.0,6/18/2024,2230.82,11.0,28.83,13.67,6.84
2025-10-01,815208929886.0,Advanced Services,DP,Emily Smith,9013.0,Chris,9013.0,1/3/2025,9721.79,186.0,288.39,263.59,131.79
2025-10-01,8739738931273401.0,Modern Services Inc,DP,Emily Smith,9013.0,Chris,9013.0,8/28/2025,14265.44,1876.0,-15.4,-50.3,-25.15
2025-10-01,8739744084255912.0,Classic Services,DP,Emily Smith,9013.0,Chris,9013.0,7/3/2025,0.0,0.0,31.55,16.55,8.28
2025-10-01,815213802888.0,Express Services,DP,Emily Smith,9013.0,Chris,9013.0,3/21/2025,12232.35,522.0,22.38,-15.36,-7.68
2025-10-01,815213087886.0,Premier Logistics LLC,DP,Emily Smith,9013.0,Chris,9013.0,3/14/2025,42366.96,1558.0,389.32,329.85,164.92
2025-10-01,815213088884.0,Elite Logistics,DP,Emily Smith,9013.0,Chris,9013.0,3/14/2025,32425.41,952.0,422.03,368.06,184.03
2025-10-01,815217805887.0,Quality Logistics,IC,Emily Smith,9013.0,Chris,9013.0,6/11/2025,21768.68,661.0,291.11,262.52,131.26
2025-10-01,815214878887.0,Superior Logistics Co,DP,Emily Smith,9013.0,Chris,9013.0,4/21/2025,6131.47,208.0,144.84,118.45,59.22
2025-10-01,8739776519789201.0,Prime Logistics,DP,Emily Smith,9013.0,Chris,9013.0,6/10/2024,57433.42,2926.0,504.69,422.32,211.16
2025-10-01,815207678880.0,Professional Logistics,DP,Emily Smith,9013.0,Chris,9013.0,12/3/2024,20005.84,456.0,535.24,499.39,249.7
2025-10-01,554402009859422.0,Advanced Logistics Corp,DP,Emily Smith,9013.0,Chris,9013.0,1/27/2025,27336.5,609.0,374.16,332.11,166.06
2025-10-01,8739738311153276.0,Modern Logistics,DP,Emily Smith,9013.0,Chris,9013.0,9/8/2025,13683.18,9.0,280.73,251.36,125.68
2025-10-01,554402009857459.0,Classic Logistics,DP,Emily Smith,9013.0,Chris,9013.0,7/16/2025,0.0,0.0,-2.5,-17.5,-8.75
2025-10-01,8739722979791126.0,Express Logistics Inc,DP,Emily Smith,9013.0,Chris,9013.0,4/2/2025,11867.35,602.0,234.78,207.46,103.73
2025-10-01,815212160882.0,Premier Tech Solutions,DP,Emily Smith,9013.0,Chris,9013.0,2/28/2025,0.0,0.0,0.0,-15.0,-7.5
2025-10-01,815218496884.0,Elite Tech Solutions,DP,Emily Smith,9013.0,Chris,9013.0,6/25/2025,14452.49,616.0,201.92,172.38,86.19
2025-10-01,8739736176457529.0,Quality Tech Solutions LLC,DP,Emily Smith,9013.0,Chris,9013.0,10/7/2025,1434.53,73.0,35.74,19.26,9.63
2025-10-01,8739702316172691.0,Superior Tech Solutions,DP,James Smith,9014.0,Chris,9013.0,8/14/2024,114.4,3.0,0.0,-0.0,-0.0
2025-10-01,8739794578309613.0,Prime Tech Solutions,DP,Maria Smith,9026.0,Chris,9013.0,11/15/2024,358.8,20.0,38.56,33.61,33.61
2025-10-01,8739785850960857.0,Professional Tech Solutions Co,DP,Maria Smith,9026.0,Chris,9013.0,10/28/2024,0.0,0.0,0.0,-9.99,-9.99
2025-10-01,8739732423281213.0,Advanced Tech Solutions,DP,Maria Smith,9026.0,Chris,9013.0,9/18/2024,286.0,9.0,36.78,26.14,26.14
2025-10-01,8739789195199681.0,Modern Tech Solutions,DP,John Johnson,9026.0,Chris,9013.0,3/31/2025,0.0,0.0,0.0,-15.0,-6.75
2025-10-01,8739753199516991.0,Classic Tech Solutions Corp,DP,John Johnson,9026.0,Chris,9013.0,3/19/2025,0.01,1.0,144.74,129.74,58.38
2025-10-01,8739717957954028.0,Express Tech Solutions,DP,John Johnson,9026.0,Chris,9013.0,2/3/2025,0.0,0.0,31.55,16.55,7.45
2025-10-01,8739768515170011.0,Premier Construction,DP,John Johnson,9026.0,Chris,9013.0,2/6/2025,10551.05,1883.0,-7.78,-25.94,-11.67
2025-10-01,8739737769083158.0,Elite Construction Inc,DP,John Johnson,9026.0,Chris,9013.0,4/10/2025,0.0,0.0,26.82,11.82,5.32
2025-10-01,8739770020392606.0,Quality Construction,DP,John Johnson,9026.0,Chris,9013.0,3/5/2025,0.0,0.0,-8.45,-23.45,-10.55
2025-10-01,8739792512114871.0,Superior Construction,DP,John Johnson,9026.0,Chris,9013.0,3/7/2025,0.0,0.0,0.0,-15.0,-6.75
2025-10-01,8739781541045100.0,Prime Construction LLC,DP,John Johnson,9026.0,Chris,9013.0,4/14/2025,0.0,0.0,0.0,-15.0,-6.75
2025-10-01,8739720214697937.0,Professional Construction,DP,John Johnson,9026.0,Chris,9013.0,1/29/2025,0.0,0.0,31.55,16.55,7.45
2025-10-01,8739776516983399.0,Advanced Construction,DP,John Johnson,9026.0,Chris,9013.0,11/4/2024,0.0,0.0,36.5,21.5,9.68
2025-10-01,815219516888.0,Modern Construction Co,IC,Sarah Johnson,9026.0,Chris,9013.0,7/14/2025,0.0,0.0,0.0,-15.0,-7.5
2025-10-01,8739762087666760.0,Classic Construction,DP,Sarah Johnson,9026.0,Chris,9013.0,7/21/2025,576.8,5.0,47.07,16.96,8.48
2025-10-01,815219637882.0,Express Construction,IC,Sarah Johnson,9026.0,Chris,9013.0,7/17/2025,0.0,0.0,0.0,-15.0,-7.5
2025-10-01,8739705221572169.0,Premier Manufacturing Corp,DP,Sarah Johnson,9026.0,Chris,9013.0,6/5/2025,0.0,0.0,41.55,-8.45,-4.22
2025-10-01,8739784365518596.0,Elite Manufacturing,DP,Michael Johnson,9045.0,Chris,9013.0,10/3/2024,390.0,1.0,29.3,14.18,6.38
2025-10-01,8739724864753133.0,Quality Manufacturing,DP,Jennifer Johnson,9053.0,Chris,9013.0,2/10/2025,0.0,0.0,46.55,21.56,9.7
2025-10-01,554402009852898.0,Superior Manufacturing Inc,IC,David Smith,9019.0,,,8/1/2024,0.0,0.0,57.5,57.5,57.5
2025-10-01,8739721310230491.0,Prime Manufacturing,DP,David Johnson,9020.0,,,9/18/2025,0.0,0.0,56.55,46.56,46.56
2025-10-01,8739744797085646.0,Professional Manufacturing,IC,Lisa Johnson,9024.0,,,7/5/2024,12609.79,140.0,61.84,61.84,61.84
2025-10-01,8739768495021340.0,Advanced Manufacturing LLC,IC,Lisa Johnson,9024.0,,,8/22/2024,0.0,0.0,21.55,21.55,21.55
2025-10-01,8739735942053024.0,Modern Manufacturing,IC,Lisa Johnson,9024.0,,,8/22/2024,0.0,0.0,21.55,21.55,21.55
2025-10-01,8739787852193397.0,Classic Manufacturing,IC,Robert Johnson,9017.0,Jon,,11/1/2024,42691.15,268.0,407.55,392.56,392.56
2025-10-01,8739760142294026.0,Express Manufacturing Co,DP,Emily Johnson,9029.0,Jon,,6/10/2025,0.0,0.0,311.0,18.55,9.28
2025-10-01,8739739861594644.0,Premier Auto Shop,DP,Emily Johnson,9029.0,Jon,,10/1/2024,3237.9,95.0,24.75,1.4,0.7
2025-10-01,8739747271511028.0,Elite Auto Shop,DP,Emily Johnson,9029.0,Jon,,3/5/2025,0.0,0.0,63.5,23.5,11.75
2025-10-01,8739798244881942.0,Quality Auto Shop Corp,DP,Emily Johnson,9029.0,Jon,,10/10/2024,0.0,0.0,48.5,8.5,4.25
2025-10-01,8739739132467791.0,Superior Auto Shop,DP,Emily Johnson,9029.0,Jon,,10/10/2024,0.0,0.0,48.5,8.5,4.25
2025-10-01,8739799823670387.0,Prime Auto Shop,DP,Emily Johnson,9029.0,Jon,,10/10/2024,0.0,0.0,48.5,8.5,4.25
2025-10-01,8739717932970417.0,Professional Auto Shop Inc,DP,Emily Johnson,9029.0,Jon,,10/10/2024,0.0,0.0,48.5,8.5,4.25
2025-10-01,8739797582796537.0,Advanced Auto Shop,DP,Emily Johnson,9029.0,Jon,,10/10/2024,0.0,0.0,48.5,8.5,4.25
2025-10-01,8739758313842088.0,Modern Auto Shop,DP,Emily Johnson,9029.0,Jon,,10/10/2024,221803.2,1592.0,677.0,434.6,217.3
2025-10-01,8739709967304448.0,Classic Auto Shop LLC,DP,Emily Johnson,9029.0,Jon,,10/10/2024,0.0,0.0,48.5,8.5,4.25
2025-10-01,8739797639162899.0,Express Auto Shop,DP,Emily Johnson,9029.0,Jon,,9/6/2024,0.0,0.0,58.5,18.5,9.25
2025-10-01,8739748195792049.0,Premier Restaurant,DP,James Johnson,9036.0,Jon,,3/27/2025,59231.99,54.0,1347.96,1310.28,589.63
2025-10-01,8739771819613058.0,Elite Restaurant Co,IC,James Johnson,9036.0,Jon,,3/4/2025,0.0,0.0,41.0,21.05,9.47
2025-10-01,8739780867958392.0,Quality Restaurant,IC,James Johnson,9036.0,Jon,,5/8/2025,64224.0,19.0,305.06,254.68,114.61
2025-10-01,8739714053680710.0,Superior Restaurant,DP,James Johnson,9036.0,Jon,,3/7/2025,11621.05,43.0,198.61,175.22,78.85
2025-10-01,8739723353739980.0,Prime Restaurant Corp,DP,James Johnson,9036.0,Jon,,4/14/2025,22335.09,3.0,-35.71,-66.17,-29.78
2025-10-01,8739751598517885.0,Professional Restaurant,DP,James Johnson,9036.0,Jon,,2/26/2025,2060.0,1.0,50.23,29.66,13.35
2025-10-01,815219416881.0,Advanced Restaurant,DP,Maria Johnson,9041.0,Jon,,7/11/2025,0.0,0.0,103.2,53.2,23.94
2025-10-01,554402009815010.0,Modern Restaurant Inc,DP,John Williams,9057.0,Jon,,9/18/2024,0.0,0.0,0.0,0.0,0.0
2025-10-01,8739788010190511.0,Classic Restaurant,DP,Sarah Williams,9030.0,Kevin,9033.0,12/26/2024,0.0,0.0,46.55,26.6,11.97
2025-10-01,8739738060654523.0,Express Restaurant,IC,Sarah Williams,9030.0,Kevin,9033.0,1/31/2025,25612.49,29.0,474.7,438.85,197.48
2025-10-01,8739783724930707.0,Premier Retail Store LLC,IC,Michael Williams,9033.0,Kevin,9033.0,2/25/2025,0.0,0.0,38.5,-1.5,-0.75
2025-10-01,8739746843824168.0,Elite Retail Store,DP,Michael Williams,9033.0,Kevin,9033.0,12/19/2024,42422.06,1116.0,1119.45,1051.21,525.6
2025-10-01,8739799274594250.0,Quality Retail Store,DP,Michael Williams,9033.0,Kevin,9033.0,1/3/2025,0.0,0.0,42.25,-2.7,-1.35
2025-10-01,8739736964896547.0,Superior Retail Store Co,DP,Michael Williams,9033.0,Kevin,9033.0,8/1/2025,11564.8,553.0,172.03,138.8,69.4
2025-10-01,8739751810979370.0,Prime Retail Store,DP,Michael Williams,9033.0,Kevin,9033.0,2/17/2025,9726.21,313.0,247.87,217.94,108.97
2025-10-01,8739745272512499.0,Professional Retail Store,IC,Michael Williams,9033.0,Kevin,9033.0,3/6/2025,71470.11,1395.0,-1840.4,-1898.98,-949.49
2025-10-01,8739769130886131.0,Advanced Retail Store Corp,IC,Michael Williams,9033.0,Kevin,9033.0,5/15/2025,1.04,1.0,38.81,-1.21,-0.6
2025-10-01,8739747542905817.0,Modern Retail Store,DP,Michael Williams,9033.0,Kevin,9033.0,10/31/2024,0.0,0.0,36.55,-3.45,-1.72
2025-10-01,8739786642240361.0,Classic Retail Store,DP,Michael Williams,9033.0,Kevin,9033.0,9/25/2024,0.0,0.0,43.5,3.5,1.75
2025-10-01,8739779032822748.0,Express Retail Store Inc,DP,Jennifer Williams,9035.0,Margaret,,2/24/2025,2558.45,31.0,71.68,54.74,27.37
2025-10-01,8739722952089582.0,Premier Medical Center,IC,Jennifer Williams,9035.0,Margaret,,2/21/2025,46717.06,20.0,241.38,207.58,103.79
2025-10-01,8739766320695979.0,Elite Medical Center,IC,Jennifer Williams,9035.0,Margaret,,4/4/2025,14648.78,32.0,45.61,24.03,12.02
2025-10-01,8739763987117560.0,Quality Medical Center LLC,IC,Jennifer Williams,9035.0,Margaret,,4/4/2025,66677.01,149.0,178.88,154.08,77.04
2025-10-01,8739777029522727.0,Superior Medical Center,DP,David Williams,9047.0,Matt D,,5/16/2024,0.0,0.0,-8.45,-13.4,-13.4
2025-10-01,8739753337035891.0,Prime Medical Center,IC,Lisa Williams,9049.0,NCF,,9/30/2025,378.55,1.0,38.79,18.37,18.37
2025-10-01,554402009843202.0,Professional Medical Center Co,IC,Robert Williams,9048.0,Sam,9048.0,9/3/2024,40723.85,830.0,186.26,186.26,18.63
2025-10-01,554402009841370.0,Advanced Medical Center,IC,Robert Williams,9048.0,Sam,9048.0,11/6/2024,14268.0,87.0,84.57,84.57,8.46
2025-10-01,8739743076072648.0,Modern Medical Center,DP,Robert Williams,9048.0,Sam,9048.0,9/23/2025,0.0,0.0,16.55,16.55,1.66
2025-10-01,554402009860875.0,Classic Medical Center Corp,IC,Emily Williams,9010.0,SFG,,11/27/2024,3332.49,42.0,52.22,47.27,47.27
2025-10-01,554402009822214.0,Express Medical Center,IC,Emily Williams,9010.0,SFG,,6/21/2024,8636.63,91.0,64.33,49.79,49.79
2025-10-01,554402009861022.0,Premier Consulting,IC,Emily Williams,9010.0,SFG,,11/14/2024,8074.39,25.0,47.06,47.06,47.06
2025-10-01,554402009879297.0,Elite Consulting Inc,IC,Emily Williams,9010.0,SFG,,11/29/2024,27308.76,105.0,133.04,128.09,128.09
2025-10-01,554402009855677.0,Quality Consulting,IC,Emily Williams,9010.0,SFG,,11/25/2024,16306.33,91.0,74.61,74.61,74.61
2025-10-01,554402009863952.0,Superior Consulting,IC,Emily Williams,9010.0,SFG,,11/4/2024,145589.49,161.0,188.92,188.92,188.92
2025-10-01,8739708619042862.0,Prime Consulting LLC,IC,Emily Williams,9010.0,SFG,,1/10/2025,40615.81,182.0,77.0,72.05,72.05
2025-10-01,554402009888140.0,Professional Consulting,IC,Emily Williams,9010.0,SFG,,10/28/2024,18383.9,159.0,119.99,115.04,115.04
2025-10-01,554402009867177.0,Advanced Consulting,IC,Emily Williams,9010.0,SFG,,7/23/2024,4303.91,7.0,44.97,44.97,44.97
2025-10-01,554402009992199.0,Modern Consulting Co,IC,Emily Williams,9010.0,SFG,,5/8/2024,5627.38,34.0,36.07,36.07,36.07
2025-10-01,554402009893264.0,Classic Consulting,IC,Emily Williams,9010.0,SFG,,7/1/2024,24117.48,858.0,222.42,222.42,222.42
2025-10-01,554402009818683.0,Express Consulting,IC,Emily Williams,9010.0,SFG,,11/22/2024,150.0,1.0,56.9,56.9,56.9
2025-10-01,554402009801523.0,Premier Services Corp,IC,Emily Williams,9010.0,SFG,,5/22/2024,4192.82,27.0,52.32,52.32,52.32
2025-10-01,554402009815887.0,Elite Services,IC,Emily Williams,9010.0,SFG,,6/6/2024,0.0,0.0,56.55,56.55,56.55
2025-10-01,554402009835000.0,Quality Services,IC,Emily Williams,9010.0,SFG,,11/1/2024,8687.93,309.0,94.55,94.55,94.55
2025-10-01,554402009853433.0,Superior Services Inc,IC,Emily Williams,9010.0,SFG,,11/1/2024,7346.09,213.0,82.47,82.47,82.47
2025-10-01,554402009813486.0,Prime Services,IC,Emily Williams,9010.0,SFG,,11/7/2024,18768.81,152.0,51.18,51.18,51.18
2025-10-01,554402009882929.0,Professional Services,IC,David Johnson,9020.0,SFG,,1/21/2025,19376.06,62.0,160.28,160.28,160.28
2025-10-01,554402009812413.0,Advanced Services LLC,IC,David Johnson,9020.0,SFG,,8/5/2024,0.0,0.0,0.0,0.0,0.0
2025-10-01,8739750607210273.0,Modern Services,DP,David Johnson,9020.0,SFG,,5/27/2025,0.0,0.0,-8.45,-18.44,-18.44
2025-10-01,815209769885.0,Classic Services,IC,David Johnson,9020.0,SFG,,1/22/2025,51895.11,335.0,83.17,83.17,83.17
2025-10-01,815209888883.0,Express Services Co,IC,David Johnson,9020.0,SFG,,1/23/2025,96334.54,747.0,111.97,111.97,111.97
2025-10-01,815209723882.0,Premier Logistics,IC,David Johnson,9020.0,SFG,,1/21/2025,62326.15,235.0,87.18,87.18,87.18
2025-10-01,8739771664157934.0,Elite Logistics,DP,David Johnson,9020.0,SFG,,8/6/2025,0.0,0.0,40.55,40.55,40.55
2025-10-01,815219719888.0,Quality Logistics Corp,IC,David Johnson,9020.0,SFG,,7/18/2025,12867.3,81.0,43.23,43.23,43.23
2025-10-01,554402009810219.0,Superior Logistics,IC,David Johnson,9020.0,SFG,,7/12/2024,2040.0,9.0,57.31,57.31,57.31
2025-10-01,815220679881.0,Prime Logistics,IC,David Johnson,9020.0,SFG,,8/8/2025,18213.53,71.0,114.47,114.47,114.47
2025-10-01,8739747499582946.0,Professional Logistics Inc,IC,David Johnson,9020.0,SFG,,8/28/2025,7333.0,4.0,45.53,45.53,45.53
2025-10-01,815221431886.0,Advanced Logistics,IC,David Johnson,9020.0,SFG,,8/21/2025,6295.88,53.0,86.62,86.62,86.62
2025-10-01,8739797637880775.0,Modern Logistics,IC,David Johnson,9020.0,SFG,,4/23/2024,22007.82,45.0,116.57,116.57,116.57
2025-10-01,815213342885.0,Classic Logistics LLC,IC,David Johnson,9020.0,SFG,,3/20/2025,0.0,0.0,46.5,46.5,46.5
2025-10-01,554402009838954.0,Express Logistics,IC,David Johnson,9020.0,SFG,,1/16/2025,111820.59,284.0,592.01,592.01,592.01
2025-10-01,554402009876608.0,Premier Tech Solutions,IC,David Johnson,9020.0,SFG,,1/16/2025,50810.01,153.0,289.52,289.52,289.52
2025-10-01,554402009959545.0,Elite Tech Solutions Co,IC,David Johnson,9020.0,SFG,,5/13/2024,42112.85,408.0,189.49,189.49,189.49
2025-10-01,8739768355791560.0,Quality Tech Solutions,IC,David Johnson,9020.0,SFG,,1/27/2025,9927.4,192.0,284.15,284.15,284.15
2025-10-01,815215159881.0,Superior Tech Solutions,IC,David Johnson,9020.0,SFG,,4/23/2025,2769.36,29.0,86.02,86.02,86.02
2025-10-01,815219897882.0,Prime Tech Solutions Corp,IC,David Johnson,9020.0,SFG,,7/23/2025,28120.12,965.0,115.45,115.45,115.45
2025-10-01,815218930882.0,Professional Tech Solutions,IC,David Johnson,9020.0,SFG,,7/2/2025,291787.7,143.0,341.03,341.03,341.03
2025-10-01,8739700876390283.0,Advanced Tech Solutions,IC,David Johnson,9020.0,SFG,,8/28/2025,5783.74,6.0,45.76,45.76,45.76
2025-10-01,554402009812066.0,Modern Tech Solutions Inc,IC,James Williams,9020.0,SFG,,8/20/2024,1155.0,19.0,47.55,47.55,47.55
2025-10-01,815221390884.0,Classic Tech Solutions,DP,Maria Williams,9023.0,SFG,,8/21/2025,53249.57,1667.0,811.67,811.67,811.67
2025-10-01,554402009808106.0,Express Tech Solutions,IC,John Brown,9038.0,SFG,,11/26/2024,0.0,0.0,46.55,46.55,46.55
2025-10-01,8739721940357879.0,Premier Construction LLC,IC,John Brown,9038.0,SFG,,3/18/2025,0.0,0.0,46.55,46.55,46.55
2025-10-01,8739746222584523.0,Elite Construction,IC,John Brown,9038.0,SFG,,3/12/2025,4345.0,9.0,45.7,40.75,40.75
2025-10-01,554402009890278.0,Quality Construction,IC,John Brown,9038.0,SFG,,1/3/2025,86364.48,474.0,440.81,440.81,440.81
2025-10-01,815213078885.0,Superior Construction Co,IC,John Brown,9038.0,SFG,,3/13/2025,46224.9,281.0,354.38,354.38,354.38
2025-10-01,554402009848763.0,Prime Construction,IC,John Brown,9038.0,SFG,,12/30/2024,1300.45,5.0,47.6,47.6,47.6
2025-10-01,554402009887597.0,Professional Construction,IC,John Brown,9038.0,SFG,,12/10/2024,0.0,0.0,0.0,0.0,0.0
2025-10-01,8739709937780783.0,Advanced Construction Corp,DP,John Brown,9038.0,SFG,,4/30/2025,20029.08,13.0,67.54,67.54,67.54
2025-10-01,554402009878984.0,Modern Construction,IC,John Brown,9038.0,SFG,,6/4/2024,0.0,0.0,46.55,46.55,46.55
2025-10-01,815216185885.0,Classic Construction,DP,John Brown,9038.0,SFG,,5/8/2025,39847.58,213.0,144.54,144.54,144.54
2025-10-01,554402009841792.0,Express Construction Inc,DP,John Brown,9038.0,SFG,,2/27/2025,0.0,0.0,46.55,46.55,46.55
2025-10-01,8739765444784029.0,Premier Manufacturing,DP,John Brown,9038.0,SFG,,2/26/2025,0.0,0.0,16.55,16.55,16.55
2025-10-01,8739761015933913.0,Elite Manufacturing,IC,John Brown,9038.0,SFG,,4/9/2025,6029.39,68.0,52.04,47.09,47.09
2025-10-01,815213021885.0,Quality Manufacturing LLC,IC,John Brown,9038.0,SFG,,3/12/2025,10760.35,26.0,97.24,97.24,97.24
2025-10-01,554402009829524.0,Superior Manufacturing,IC,John Brown,9038.0,SFG,,3/5/2025,5544.92,32.0,57.91,52.96,52.96
2025-10-01,554402009854985.0,Prime Manufacturing,IC,John Brown,9038.0,SFG,,3/5/2025,3310.96,18.0,55.73,53.73,53.73
2025-10-01,8739711627968834.0,Professional Manufacturing Co,DP,John Brown,9038.0,SFG,,3/19/2025,6365.76,288.0,158.5,158.5,158.5
2025-10-01,554402009867821.0,Advanced Manufacturing,IC,John Brown,9038.0,SFG,,9/26/2024,13304.06,298.0,164.09,164.09,164.09
2025-10-01,554402009835638.0,Modern Manufacturing,IC,John Brown,9038.0,SFG,,11/22/2024,1049.0,16.0,49.63,38.84,38.84
2025-10-01,554402009850843.0,Classic Manufacturing Corp,IC,John Brown,9038.0,SFG,,12/13/2024,63424.22,1971.0,802.24,802.24,802.24
2025-10-01,554402009888595.0,Express Manufacturing,IC,John Brown,9038.0,SFG,,9/18/2024,4199.45,33.0,76.61,76.61,76.61
2025-10-01,554402009850256.0,Premier Auto Shop,IC,John Brown,9038.0,SFG,,12/26/2024,27509.69,175.0,339.36,339.36,339.36
2025-10-01,554402009847377.0,Elite Auto Shop Inc,IC,John Brown,9038.0,SFG,,9/26/2024,958.98,27.0,51.48,51.48,51.48
2025-10-01,554402009874637.0,Quality Auto Shop,IC,John Brown,9038.0,SFG,,12/26/2024,2070.0,40.0,53.78,53.78,53.78
2025-10-01,554402009837618.0,Superior Auto Shop,IC,John Brown,9038.0,SFG,,6/21/2024,7386.0,26.0,66.97,66.97,66.97
2025-10-01,8739785214149909.0,Prime Auto Shop LLC,IC,John Brown,9038.0,SFG,,4/29/2025,4486.06,33.0,52.12,52.12,52.12
2025-10-01,554402009884727.0,Professional Auto Shop,IC,John Brown,9038.0,SFG,,1/15/2025,23209.85,199.0,76.52,76.52,76.52
2025-10-01,554402009830506.0,Advanced Auto Shop,IC,John Brown,9038.0,SFG,,9/5/2024,18330.74,360.0,113.87,113.87,113.87
2025-10-01,554402009803156.0,Modern Auto Shop Co,IC,John Brown,9038.0,SFG,,11/5/2024,4207.53,4.0,47.18,47.18,47.18
2025-10-01,8739734258467108.0,Classic Auto Shop,DP,John Brown,9038.0,SFG,,10/1/2025,0.0,0.0,66.55,66.55,66.55
2025-10-01,554402009816885.0,Express Auto Shop,IC,John Brown,9038.0,SFG,,7/2/2024,159856.66,806.0,1404.69,1404.69,1404.69
2025-10-01,8739780185617860.0,Premier Restaurant Corp,IC,John Brown,9038.0,SFG,,4/2/2025,8971.5,6.0,57.33,57.33,57.33
2025-10-01,8739711220941991.0,Elite Restaurant,DP,John Brown,9038.0,SFG,,9/15/2025,18494.98,35.0,366.6,366.6,366.6
2025-10-01,554402009836321.0,Quality Restaurant,IC,John Brown,9038.0,SFG,,8/22/2024,191392.55,1270.0,426.13,418.13,418.13
2025-10-01,554402009873860.0,Superior Restaurant Inc,IC,John Brown,9038.0,SFG,,10/15/2024,0.0,0.0,0.0,0.0,0.0
2025-10-01,554402009847534.0,Prime Restaurant,IC,John Brown,9038.0,SFG,,10/15/2024,0.0,0.0,0.0,0.0,0.0
2025-10-01,554402009868753.0,Professional Restaurant,IC,John Brown,9038.0,SFG,,11/1/2024,34115.78,173.0,92.09,92.09,92.09
2025-10-01,815220744883.0,Advanced Restaurant LLC,IC,John Brown,9038.0,SFG,,8/13/2025,11924.38,400.0,57.97,57.97,57.97
2025-10-01,554402009804113.0,Modern Restaurant,IC,John Brown,9038.0,SFG,,5/27/2025,0.0,0.0,0.0,0.0,0.0
2025-10-01,554402009802463.0,Classic Restaurant,IC,John Brown,9038.0,SFG,,5/30/2025,0.0,0.0,0.0,-26.93,-26.93
2025-10-01,8739742281142930.0,Express Restaurant Co,DP,John Brown,9038.0,SFG,,4/18/2025,1448.2,4.0,-0.99,-5.95,-5.95
2025-10-01,554402009806266.0,Premier Retail Store,IC,John Brown,9038.0,SFG,,7/15/2024,28469.69,36.0,196.08,196.08,196.08
2025-10-01,554402009840612.0,Elite Retail Store,IC,John Brown,9038.0,SFG,,9/26/2024,16872.23,451.0,69.03,69.03,69.03
2025-10-01,554402009855891.0,Quality Retail Store Corp,IC,John Brown,9038.0,SFG,,7/16/2024,9564.82,74.0,69.69,69.69,69.69
2025-10-01,554402009849399.0,Superior Retail Store,IC,John Brown,9038.0,SFG,,7/16/2024,552.56,11.0,49.42,49.42,49.42
2025-10-01,8739752855156109.0,Prime Retail Store,IC,John Brown,9038.0,SFG,,10/28/2025,0.0,0.0,-2.5,-12.49,-12.49
2025-10-01,815224245887.0,Professional Retail Store Inc,IC,John Brown,9038.0,SFG,,10/29/2025,0.0,0.0,-2.5,-12.49,-12.49
2025-10-01,8739791348681288.0,Advanced Retail Store,DP,John Brown,9038.0,SFG,,10/21/2025,5.21,2.0,-2.8,-2.8,-2.8
2025-10-01,554402009938788.0,Modern Retail Store,IC,Sarah Brown,9038.0,SFG,,10/27/2022,15460.04,136.0,163.39,163.39,163.39
2025-10-01,554402009946195.0,Classic Retail Store LLC,IC,Sarah Brown,9038.0,SFG,,12/5/2022,3846.88,17.0,49.52,49.52,49.52
2025-10-01,554402009935784.0,Express Retail Store,IC,Sarah Brown,9038.0,SFG,,10/31/2022,233286.19,3005.0,780.88,780.88,780.88
2025-10-01,554402009856386.0,Premier Medical Center,IC,Sarah Brown,9038.0,SFG,,5/29/2024,42274.6,1215.0,364.39,364.39,364.39
2025-10-01,554402009876145.0,Elite Medical Center Co,IC,Sarah Brown,9038.0,SFG,,5/24/2024,19361.99,84.0,119.83,119.83,119.83
2025-10-01,554402009983321.0,Quality Medical Center,IC,Sarah Brown,9038.0,SFG,,10/31/2022,149538.15,372.0,1834.78,1834.78,1834.78
2025-10-01,8739795451829435.0,Superior Medical Center,IC,Sarah Brown,9038.0,SFG,,5/13/2024,0.0,0.0,46.55,46.55,46.55
2025-10-01,554402009889585.0,Prime Medical Center Corp,IC,Sarah Brown,9038.0,SFG,,5/28/2024,6612.25,183.0,76.19,76.19,76.19
2025-10-01,554402009935552.0,Professional Medical Center,IC,Sarah Brown,9038.0,SFG,,11/2/2022,0.0,0.0,49.55,49.55,49.55
2025-10-01,554402009945866.0,Advanced Medical Center,IC,Sarah Brown,9038.0,SFG,,10/12/2022,25312.65,643.0,240.96,240.96,240.96
2025-10-01,554402009934209.0,Modern Medical Center Inc,IC,Sarah Brown,9038.0,SFG,,10/26/2022,16602.02,327.0,170.7,170.7,170.7
2025-10-01,815217989889.0,Classic Medical Center,DP,Michael Brown,9051.0,Steven,,6/13/2025,170.0,8.0,88.7,49.32,34.52
2025-10-01,554402009831736.0,Express Medical Center,DP,Michael Brown,9051.0,Steven,,9/17/2024,56589.59,2441.0,1133.32,1062.05,743.44
2025-10-01,815217591883.0,Premier Consulting LLC,DP,Michael Brown,9051.0,Steven,,6/6/2025,43673.05,782.0,1192.33,1134.66,794.26
2025-10-01,8739740074634350.0,Elite Consulting,DP,Michael Brown,9051.0,Steven,,7/21/2025,0.0,0.0,0.0,-35.0,-24.5
2025-10-01,554402009859711.0,Quality Consulting,DP,Michael Brown,9051.0,Steven,,9/17/2024,65154.04,2173.0,1402.89,1323.27,926.29
2025-10-01,815205130884.0,Superior Consulting Co,DP,Michael Brown,9051.0,Steven,,10/9/2024,0.0,0.0,56.5,16.5,11.55
2025-10-01,815204805882.0,Prime Consulting,DP,Michael Brown,9051.0,Steven,,10/3/2024,48865.52,1351.0,1171.55,1108.2,775.74
2025-10-01,815218707884.0,Professional Consulting,DP,Michael Brown,9051.0,Steven,,6/27/2025,4327.39,160.0,151.42,132.15,92.5
2025-10-01,815218175884.0,Advanced Consulting Corp,DP,Michael Brown,9051.0,Steven,,6/18/2025,0.0,0.0,0.0,-15.0,-10.5
2025-10-01,8739782290032799.0,Modern Consulting,IC,Michael Brown,9051.0,Steven,,3/12/2025,0.0,0.0,74.52,34.52,24.16
2025-10-01,554402009861139.0,Classic Consulting,IC,Jennifer Brown,,,,9/9/2024,79765.7,110.0,82.97,82.97,82.97
2025-10-01,554402009944414.0,Express Consulting Inc,IC,Jennifer Brown,,,,4/26/2024,11536.5,1.0,58.94,58.94,58.94
2025-10-01,554402009866682.0,Premier Services,DP,Jennifer Brown,,,,9/25/2024,0.0,0.0,-8.45,-8.45,-8.45
2025-10-01,554402009883687.0,Elite Services,IC,Jennifer Brown,,,,10/12/2025,2910.06,15.0,78.56,78.55,78.55
2025-10-01,8739733170340137.0,Quality Services LLC,IC,Jennifer Brown,,,,1/27/2025,0.0,0.0,32.45,32.45,32.45
2025-10-01,554402009899089.0,Superior Services,IC,Jennifer Brown,,,,9/15/2025,1062.59,5.0,149.94,149.95,149.95
2025-10-01,554402009862491.0,Prime Services,IC,Jennifer Brown,,,,4/8/2025,97696.52,252.0,-849.17,-849.17,-849.17
2025-10-01,554402009803719.0,Professional Services Co,IC,Jennifer Brown,,,,4/8/2025,19010.82,75.0,-124.93,-124.93,-124.93
2025-10-01,554402009825159.0,Advanced Services,IC,Jennifer Brown,,,,10/1/2025,10271.58,131.0,49.03,44.08,44.08
2025-10-01,8739771399319122.0,Modern Services,DP,David Brown,9040.0,,,4/24/2024,0.0,0.0,6.55,6.55,6.55
2025-10-01,8739774773089034.0,Classic Services Corp,DP,David Brown,9040.0,,,5/2/2024,0.0,0.0,-8.45,-8.45,-8.45
2025-10-01,8739709016332638.0,Express Services,DP,David Brown,9040.0,,,4/24/2024,2325.39,4.0,6.72,1.77,1.77
2025-10-01,8739797607684510.0,Premier Logistics,DP,David Brown,9040.0,,,4/23/2024,0.0,0.0,-8.45,-8.45,-8.45
2025-10-01,8739714066244506.0,Elite Logistics Inc,IC,Lisa Brown,9002.0,Vinny,9059.0,4/19/2024,0.0,0.0,39.55,-0.45,-0.27
2025-10-01,8739709105229591.0,Quality Logistics,IC,Robert Brown,9004.0,Vinny,9059.0,9/17/2025,8571.51,235.0,46.07,17.13,10.28
2025-10-01,8739742648116480.0,Superior Logistics,DP,Robert Brown,9004.0,Vinny,9059.0,7/15/2025,3944.1,89.0,121.15,101.45,60.87
2025-10-01,8739718003465395.0,Prime Logistics LLC,DP,Robert Brown,9004.0,Vinny,9059.0,9/3/2025,4999.88,173.0,127.5,106.66,64.0
2025-10-01,8739743437153207.0,Professional Logistics,DP,Robert Brown,9004.0,Vinny,9059.0,6/30/2025,20981.15,622.0,518.85,479.01,287.41
2025-10-01,8739738036991755.0,Advanced Logistics,DP,Robert Brown,9004.0,Vinny,9059.0,5/16/2025,21744.93,464.0,520.8,480.12,288.07
2025-10-01,8739760566079834.0,Modern Logistics Co,DP,Robert Brown,9004.0,Vinny,9059.0,5/16/2025,9090.69,198.0,224.69,199.11,119.47
2025-10-01,8739712071754704.0,Classic Logistics,DP,Robert Brown,9004.0,Vinny,9059.0,4/21/2025,2502.25,109.0,90.74,72.74,43.64
2025-10-01,8739753202194180.0,Express Logistics,DP,Robert Brown,9004.0,Vinny,9059.0,1/22/2025,0.0,0.0,0.0,-40.0,-24.0
2025-10-01,8739737041025252.0,Premier Tech Solutions Corp,DP,Robert Brown,9004.0,Vinny,9059.0,3/28/2025,6132.39,231.0,101.05,78.74,47.24
2025-10-01,8739707606928449.0,Elite Tech Solutions,IC,Robert Brown,9004.0,Vinny,9059.0,6/6/2025,22067.62,454.0,91.86,64.37,38.62
2025-10-01,8739775709860467.0,Quality Tech Solutions,IC,Robert Brown,9004.0,Vinny,9059.0,6/6/2025,20849.44,202.0,69.7,46.79,28.07
2025-10-01,8739797468743634.0,Superior Tech Solutions Inc,DP,Robert Brown,9004.0,Vinny,9059.0,9/8/2025,6969.7,325.0,112.86,89.69,53.81
2025-10-01,8739760149652850.0,Prime Tech Solutions,DP,Robert Brown,9004.0,Vinny,9059.0,4/1/2025,85818.55,1866.0,1037.23,922.54,553.52
2025-10-01,8739731305549203.0,Professional Tech Solutions,DP,Robert Brown,9004.0,Vinny,9059.0,6/26/2025,10145.13,337.0,188.4,161.95,97.17
2025-10-01,8739737726550729.0,Advanced Tech Solutions LLC,DP,Robert Brown,9004.0,Vinny,9059.0,7/8/2025,8407.76,180.0,234.64,209.64,125.78
2025-10-01,8739752529111776.0,Modern Tech Solutions,DP,Robert Brown,9004.0,Vinny,9059.0,6/2/2025,4028.42,47.0,123.49,104.11,62.47
2025-10-01,8739755230982178.0,Classic Tech Solutions,DP,Robert Brown,9004.0,Vinny,9059.0,3/6/2025,78.0,2.0,48.66,11.56,6.94
2025-10-01,8739791040506396.0,Express Tech Solutions Co,DP,Robert Brown,9004.0,Vinny,9059.0,9/23/2025,3870.16,95.0,112.51,72.48,43.49
2025-10-01,8739719577808879.0,Premier Construction,DP,Robert Brown,9004.0,Vinny,9059.0,9/10/2025,1202.84,14.0,32.62,11.22,6.73
2025-10-01,8739775246276693.0,Elite Construction,DP,Robert Brown,9004.0,Vinny,9059.0,5/21/2025,1039.16,44.0,47.34,31.11,18.67
2025-10-01,8739730827346130.0,Quality Construction Corp,DP,Robert Brown,9004.0,Vinny,9059.0,5/21/2025,6315.92,36.0,227.16,204.94,122.96
2025-10-01,8739790435245393.0,Superior Construction,DP,Robert Brown,9004.0,Vinny,9059.0,1/13/2025,546.35,11.0,61.31,41.9,25.14
2025-10-01,8739780396821747.0,Prime Construction,DP,Robert Brown,9004.0,Vinny,9059.0,12/31/2024,0.0,0.0,56.55,16.55,9.93
2025-10-01,8739702501134856.0,Professional Construction Inc,DP,Robert Brown,9004.0,Vinny,9059.0,1/9/2025,13872.0,335.0,400.41,368.81,221.29
2025-10-01,8739768045769140.0,Advanced Construction,DP,Robert Brown,9004.0,Vinny,9059.0,6/2/2025,0.0,0.0,56.5,16.5,9.9
2025-10-01,8739752064154471.0,Modern Construction,DP,Robert Brown,9004.0,Vinny,9059.0,9/15/2025,0.02,2.0,46.28,-3.81,-2.29
2025-10-01,8739762720394971.0,Classic Construction LLC,DP,Robert Brown,9004.0,Vinny,9059.0,12/9/2024,2724.49,50.0,86.45,63.23,37.94
2025-10-01,8739787096318074.0,Express Construction,DP,Robert Brown,9004.0,Vinny,9059.0,3/6/2025,3126.17,32.0,122.98,104.47,62.68
2025-10-01,8739753252213421.0,Premier Manufacturing,DP,Robert Brown,9004.0,Vinny,9059.0,2/12/2025,353.6,4.0,47.35,20.51,12.31
2025-10-01,8739774828006614.0,Elite Manufacturing Co,DP,Robert Brown,9004.0,Vinny,9059.0,9/5/2025,6049.18,116.0,175.86,153.88,92.33
2025-10-01,8739759464361618.0,Quality Manufacturing,DP,Robert Brown,9004.0,Vinny,9059.0,1/6/2025,4138.26,84.0,135.21,115.24,69.14
2025-10-01,8739747671142127.0,Superior Manufacturing,DP,Robert Brown,9004.0,Vinny,9059.0,9/2/2025,0.0,0.0,41.55,1.55,0.93
2025-10-01,8739776039868403.0,Prime Manufacturing Corp,DP,Robert Brown,9004.0,Vinny,9059.0,8/7/2025,14598.03,267.0,423.3,380.89,228.53
2025-10-01,8739774499614336.0,Professional Manufacturing,DP,Robert Brown,9004.0,Vinny,9059.0,12/13/2024,1535.26,31.0,50.98,34.14,20.48
2025-10-01,8739787013582766.0,Advanced Manufacturing,DP,Robert Brown,9004.0,Vinny,9059.0,9/11/2025,5120.31,413.0,57.29,36.31,21.79
2025-10-01,8739753198994126.0,Modern Manufacturing Inc,DP,Robert Brown,9004.0,Vinny,9059.0,7/8/2025,11128.74,847.0,151.3,122.96,73.78
2025-10-01,8739753256332917.0,Classic Manufacturing,DP,Robert Brown,9004.0,Vinny,9059.0,1/31/2025,2702.96,87.0,79.5,61.28,36.77
2025-10-01,8739788496250449.0,Express Manufacturing,DP,Robert Brown,9004.0,Vinny,9059.0,3/6/2025,0.0,0.0,51.55,11.55,6.93
2025-10-01,8739706009260799.0,Premier Auto Shop LLC,DP,Robert Brown,9004.0,Vinny,9059.0,6/26/2025,0.0,0.0,41.55,1.55,0.93
2025-10-01,8739755307630060.0,Elite Auto Shop,DP,Robert Brown,9004.0,Vinny,9059.0,6/26/2025,0.0,0.0,41.55,1.55,0.93
2025-10-01,8739751563100899.0,Quality Auto Shop,DP,Robert Brown,9004.0,Vinny,9059.0,1/7/2025,1690.0,15.0,68.41,51.39,30.83
2025-10-01,8739715939249573.0,Superior Auto Shop Co,DP,Robert Brown,9004.0,Vinny,9059.0,5/27/2025,17429.24,370.0,413.8,378.26,226.96
2025-10-01,8739714818221646.0,Prime Auto Shop,DP,Robert Brown,9004.0,Vinny,9059.0,11/21/2024,0.0,0.0,29.55,-15.4,-9.24
2025-10-01,8739729693461354.0,Professional Auto Shop,IC,Robert Brown,9004.0,Vinny,9059.0,9/10/2025,9975.02,56.0,42.28,18.58,11.15
2025-10-01,8739750402306087.0,Advanced Auto Shop Corp,DP,Robert Brown,9004.0,Vinny,9059.0,5/30/2025,809.64,23.0,42.18,26.21,15.73
2025-10-01,8739788884622725.0,Modern Auto Shop,DP,Robert Brown,9004.0,Vinny,9059.0,6/2/2025,2637.38,48.0,91.09,72.95,43.77
2025-10-01,8739755710465457.0,Classic Auto Shop,DP,Robert Brown,9004.0,Vinny,9059.0,2/28/2025,5450.88,241.0,139.45,117.98,70.79
2025-10-01,8739704793133262.0,Express Auto Shop Inc,DP,Robert Brown,9004.0,Vinny,9059.0,1/13/2025,260.34,9.0,41.44,11.11,6.67
2025-10-01,8739743915298068.0,Premier Restaurant,DP,Robert Brown,9004.0,Vinny,9059.0,10/23/2024,297.76,13.0,35.46,1.6,0.96
2025-10-01,8739772624238158.0,Elite Restaurant,DP,Robert Brown,9004.0,Vinny,9059.0,10/30/2025,0.0,0.0,-2.5,-17.5,-10.5
2025-10-01,8739746925873965.0,Quality Restaurant LLC,DP,Robert Brown,9004.0,Vinny,9059.0,10/9/2025,0.02,2.0,24.68,9.68,5.81
2025-10-01,8739734860974652.0,Superior Restaurant,DP,Robert Brown,9004.0,Vinny,9059.0,10/14/2025,0.02,2.0,36.06,-3.94,-2.36
2025-10-01,8739734115600967.0,Prime Restaurant,DP,Robert Brown,9004.0,Vinny,9059.0,10/24/2025,0.02,2.0,-2.84,-17.84,-10.7
2025-10-01,815224113887.0,Professional Restaurant Co,DP,Robert Brown,9004.0,Vinny,9059.0,10/22/2025,0.0,0.0,-2.5,-17.5,-10.5
2025-10-01,8739775295262533.0,Advanced Restaurant,DP,Robert Brown,9004.0,Vinny,9059.0,10/8/2025,438.78,20.0,30.74,2.11,1.27
2025-10-01,8739758662699571.0,Modern Restaurant,DP,Robert Brown,9004.0,Vinny,9059.0,10/23/2025,0.01,1.0,-2.6,-17.6,-10.56
2025-10-01,8739710008325409.0,Classic Restaurant Corp,IC,Emily Brown,9005.0,Vinny,9059.0,9/25/2025,38719.02,1051.0,343.47,343.47,343.47
2025-10-01,8739775318610152.0,Express Restaurant,DP,James Brown,9007.0,Vinny,9059.0,9/11/2024,12403.83,22.0,202.54,172.95,129.71
2025-10-01,8739729663695640.0,Premier Retail Store,IC,James Brown,9007.0,Vinny,9059.0,9/16/2025,16197.05,53.0,82.86,49.04,36.78
2025-10-01,8739718060998466.0,Elite Retail Store Inc,DP,James Brown,9007.0,Vinny,9059.0,9/3/2024,0.0,0.0,41.55,1.55,1.16
2025-10-01,8739728775469266.0,Quality Retail Store,DP,James Brown,9007.0,Vinny,9059.0,6/2/2025,700.3,34.0,29.84,7.12,5.34
2025-10-01,8739730158963322.0,Superior Retail Store,DP,James Brown,9007.0,Vinny,9059.0,8/20/2024,4201.6,20.0,89.68,70.42,52.82
2025-10-01,8739751828652536.0,Prime Retail Store LLC,IC,James Brown,9007.0,Vinny,9059.0,5/15/2025,38521.76,1327.0,240.59,213.04,159.78
2025-10-01,8739792802364047.0,Professional Retail Store,IC,James Brown,9007.0,Vinny,9059.0,5/15/2025,20175.06,603.0,127.94,106.59,79.94
2025-10-01,8739797522597929.0,Advanced Retail Store,IC,James Brown,9007.0,Vinny,9059.0,5/2/2025,37600.78,1087.0,219.76,193.81,145.36
2025-10-01,8739763938784977.0,Modern Retail Store Co,IC,James Brown,9007.0,Vinny,9059.0,5/1/2025,312353.98,5673.0,1464.9,1373.22,1029.92
2025-10-01,8739733876777535.0,Classic Retail Store,IC,James Brown,9007.0,Vinny,9059.0,5/2/2025,36113.72,1193.0,226.58,198.55,148.91
2025-10-01,8739703016625956.0,Express Retail Store,IC,James Brown,9007.0,Vinny,9059.0,5/19/2025,41338.51,1682.0,277.21,247.03,185.27
2025-10-01,8739731853117364.0,Premier Medical Center Corp,IC,James Brown,9007.0,Vinny,9059.0,5/2/2025,73414.97,1836.0,392.51,358.36,268.77
2025-10-01,8739721987715600.0,Elite Medical Center,IC,James Brown,9007.0,Vinny,9059.0,12/20/2024,30212.47,908.0,183.38,159.18,119.38
2025-10-01,8739708188195565.0,Quality Medical Center,IC,James Brown,9007.0,Vinny,9059.0,5/15/2025,124129.71,3408.0,672.36,623.62,467.72
2025-10-01,8739776647050054.0,Superior Medical Center Inc,IC,James Brown,9007.0,Vinny,9059.0,5/15/2025,50723.8,1416.0,284.28,255.2,191.4
2025-10-01,8739745968575313.0,Prime Medical Center,IC,James Brown,9007.0,Vinny,9059.0,12/20/2024,31975.32,1151.0,205.22,179.51,134.63
2025-10-01,8739756445292099.0,Professional Medical Center,IC,James Brown,9007.0,Vinny,9059.0,5/20/2025,59690.72,1912.0,353.71,320.34,240.26
2025-10-01,8739787672445521.0,Advanced Medical Center LLC,IC,James Brown,9007.0,Vinny,9059.0,5/2/2025,22560.36,1004.0,162.27,138.52,103.89
2025-10-01,8739780586992627.0,Modern Medical Center,IC,James Brown,9007.0,Vinny,9059.0,5/2/2025,49626.19,1372.0,269.14,240.66,180.5
2025-10-01,8739745240615653.0,Classic Medical Center,IC,James Brown,9007.0,Vinny,9059.0,5/20/2025,48523.44,1593.0,290.75,260.72,195.54
2025-10-01,8739731208015492.0,Express Medical Center Co,IC,James Brown,9007.0,Vinny,9059.0,5/2/2025,73097.69,1888.0,388.55,354.55,265.91
2025-10-01,8739704263033382.0,Premier Consulting,IC,James Brown,9007.0,Vinny,9059.0,5/19/2025,30329.7,981.0,188.28,163.69,122.77
2025-10-01,8739721141085723.0,Elite Consulting,IC,James Brown,9007.0,Vinny,9059.0,5/1/2025,49566.25,1489.0,284.92,255.6,191.7
2025-10-01,8739749982719408.0,Quality Consulting Corp,IC,James Brown,9007.0,Vinny,9059.0,5/19/2025,56192.01,1736.0,324.55,293.02,219.76
2025-10-01,8739765071435119.0,Superior Consulting,IC,James Brown,9007.0,Vinny,9059.0,5/18/2025,26509.78,912.0,166.34,142.49,106.87
2025-10-01,8739767751458205.0,Prime Consulting,IC,James Brown,9007.0,Vinny,9059.0,12/20/2024,75405.05,2486.0,472.38,432.71,324.53
2025-10-01,8739721487932932.0,Professional Consulting Inc,IC,James Brown,9007.0,Vinny,9059.0,5/2/2025,54908.32,2136.0,348.6,314.84,236.13
2025-10-01,8739721477300773.0,Advanced Consulting,IC,James Brown,9007.0,Vinny,9059.0,5/19/2025,21972.67,911.0,151.57,128.15,96.11
2025-10-01,8739785948934754.0,Modern Consulting,IC,James Brown,9007.0,Vinny,9059.0,5/20/2025,59724.44,2245.0,376.68,341.42,256.06
2025-10-01,8739794763726641.0,Classic Consulting LLC,IC,James Brown,9007.0,Vinny,9059.0,5/20/2025,35362.39,1149.0,218.33,192.1,144.07
2025-10-01,8739728682795289.0,Express Consulting,IC,James Brown,9007.0,Vinny,9059.0,4/30/2025,16938.76,671.0,119.51,98.1,73.57
2025-10-01,8739706777124098.0,Premier Services,IC,James Brown,9007.0,Vinny,9059.0,5/1/2025,30406.56,1181.0,202.86,177.05,132.79
2025-10-01,8739770291889284.0,Elite Services Co,IC,James Brown,9007.0,Vinny,9059.0,5/1/2025,37774.6,1141.0,224.49,198.18,148.64
2025-10-01,8739743585251840.0,Quality Services,IC,James Brown,9007.0,Vinny,9059.0,5/18/2025,47629.43,1590.0,288.57,258.59,193.94
2025-10-01,8739776998295475.0,Superior Services,IC,James Brown,9007.0,Vinny,9059.0,5/15/2025,213425.62,4693.0,1055.46,989.71,742.28
2025-10-01,8739794669230747.0,Prime Services Corp,IC,James Brown,9007.0,Vinny,9059.0,5/19/2025,21185.05,981.0,153.63,129.9,97.43
2025-10-01,8739742241613003.0,Professional Services,IC,James Brown,9007.0,Vinny,9059.0,4/30/2025,22450.65,737.0,145.37,122.99,92.24
2025-10-01,8739734251671506.0,Advanced Services,IC,James Brown,9007.0,Vinny,9059.0,5/20/2025,28727.1,1080.0,191.27,166.14,124.6
2025-10-01,8739758292310546.0,Modern Services Inc,IC,James Brown,9007.0,Vinny,9059.0,5/15/2025,55057.94,1729.0,324.33,292.65,219.49
2025-10-01,8739791183151244.0,Classic Services,IC,James Brown,9007.0,Vinny,9059.0,5/19/2025,25684.84,787.0,157.49,134.66,101.0
2025-10-01,8739774561158068.0,Express Services,IC,James Brown,9007.0,Vinny,9059.0,5/15/2025,46483.13,1450.0,275.84,246.73,185.05
2025-10-01,8739738076699433.0,Premier Logistics LLC,IC,James Brown,9007.0,Vinny,9059.0,5/2/2025,25083.0,750.0,152.28,129.77,97.33
2025-10-01,8739759870598489.0,Elite Logistics,IC,James Brown,9007.0,Vinny,9059.0,5/16/2025,49531.82,1425.0,284.37,255.09,191.32
2025-10-01,8739775061601198.0,Quality Logistics,IC,James Brown,9007.0,Vinny,9059.0,5/15/2025,72943.6,1846.0,389.68,355.64,266.73
2025-10-01,8739755337347466.0,Superior Logistics Co,IC,James Brown,9007.0,Vinny,9059.0,5/8/2025,28105.62,889.0,174.29,150.49,112.87
2025-10-01,8739772101899220.0,Prime Logistics,IC,James Brown,9007.0,Vinny,9059.0,4/30/2025,35560.74,1199.0,221.78,195.29,146.47
2025-10-01,8739765131171860.0,Professional Logistics,IC,James Brown,9007.0,Vinny,9059.0,5/15/2025,51304.39,1312.0,283.0,254.14,190.6
2025-10-01,8739722761382713.0,Advanced Logistics Corp,IC,James Brown,9007.0,Vinny,9059.0,5/2/2025,11727.17,369.0,83.05,64.02,48.02
2025-10-01,8739716145588745.0,Modern Logistics,IC,James Brown,9007.0,Vinny,9059.0,5/1/2025,14630.55,546.0,106.01,85.55,64.16
2025-10-01,8739761318667397.0,Classic Logistics,IC,James Brown,9007.0,Vinny,9059.0,5/1/2025,3511.23,139.0,51.71,22.18,16.63
2025-10-01,8739756329429204.0,Express Logistics Inc,IC,James Brown,9007.0,Vinny,9059.0,5/7/2025,19073.37,667.0,128.21,106.57,79.93
2025-10-01,8739789440201148.0,Premier Tech Solutions,IC,James Brown,9007.0,Vinny,9059.0,4/30/2025,20325.99,462.0,117.54,97.13,72.85
2025-10-01,8739714636317106.0,Elite Tech Solutions,IC,James Brown,9007.0,Vinny,9059.0,4/30/2025,7267.27,350.0,67.58,49.05,36.79
2025-10-01,8739764280388408.0,Quality Tech Solutions LLC,IC,James Brown,9007.0,Vinny,9059.0,5/15/2025,39140.89,1524.0,258.64,229.69,172.27
2025-10-01,8739742316781640.0,Superior Tech Solutions,IC,James Brown,9007.0,Vinny,9059.0,5/2/2025,67122.57,1922.0,377.35,343.35,257.51
2025-10-01,8739747689643181.0,Prime Tech Solutions,IC,James Brown,9007.0,Vinny,9059.0,5/15/2025,21657.68,719.0,141.09,118.93,89.2
2025-10-01,8739770219847800.0,Professional Tech Solutions Co,IC,James Brown,9007.0,Vinny,9059.0,5/16/2025,20409.03,635.0,130.0,108.55,81.41
2025-10-01,8739799591998948.0,Advanced Tech Solutions,IC,James Brown,9007.0,Vinny,9059.0,5/16/2025,25577.0,829.0,162.17,138.93,104.2
2025-10-01,8739700576556015.0,Modern Tech Solutions,IC,James Brown,9007.0,Vinny,9059.0,5/1/2025,143696.88,3187.0,718.42,669.24,501.93
2025-10-01,8739733522796947.0,Classic Tech Solutions Corp,DP,James Brown,9007.0,Vinny,9059.0,8/19/2024,20357.34,52.0,381.03,343.67,257.75
2025-10-01,8739730405298121.0,Express Tech Solutions,DP,Maria Brown,9009.0,Vinny,9059.0,9/2/2025,11.33,1.0,0.0,-44.52,-22.26
2025-10-01,8739798968797699.0,Premier Construction,IC,Maria Brown,9009.0,Vinny,9059.0,8/15/2025,21858.58,375.0,342.23,308.26,154.13
2025-10-01,8739783007466390.0,Elite Construction Inc,IC,Maria Brown,9009.0,Vinny,9059.0,8/19/2025,34370.74,493.0,331.3,287.37,143.68
2025-10-01,8739778889694829.0,Quality Construction,IC,Maria Brown,9009.0,Vinny,9059.0,6/20/2025,1543.6,28.0,57.17,14.9,7.45
2025-10-01,8739753144005391.0,Superior Construction,DP,Maria Brown,9009.0,Vinny,9059.0,7/2/2025,1676.54,22.0,67.93,45.8,22.9
2025-10-01,8739737961220477.0,Prime Construction LLC,DP,Maria Brown,9009.0,Vinny,9059.0,10/15/2025,2430.78,316.0,39.71,16.64,8.32
2025-10-01,8739730435284545.0,Professional Construction,DP,John Jones,9011.0,Vinny,9059.0,10/14/2025,12.75,3.0,15.75,15.75,15.75
2025-10-01,554402009945577.0,Advanced Construction,DP,Sarah Jones,9013.0,Vinny,9059.0,5/3/2024,0.0,0.0,21.55,6.55,3.93
2025-10-01,8739772523390544.0,Modern Construction Co,DP,Sarah Jones,9013.0,Vinny,9059.0,5/27/2024,1521.4,16.0,65.63,48.5,29.1
2025-10-01,554402009935776.0,Classic Construction,DP,Sarah Jones,9013.0,Vinny,9059.0,5/9/2024,16674.22,954.0,293.44,255.38,153.23
2025-10-01,8739723664799275.0,Express Construction,DP,Michael Jones,9018.0,Vinny,9059.0,12/6/2024,11590.64,89.0,240.49,208.28,145.8
2025-10-01,8739743145844565.0,Premier Manufacturing Corp,IC,Michael Jones,9018.0,Vinny,9059.0,5/19/2025,111532.23,67.0,546.66,503.45,352.42
2025-10-01,8739709988242121.0,Elite Manufacturing,IC,Michael Jones,9018.0,Vinny,9059.0,5/9/2025,36955.2,19.0,190.74,160.39,112.27
2025-10-01,8739799035310755.0,Quality Manufacturing,IC,Michael Jones,9018.0,Vinny,9059.0,11/1/2024,28309.33,15.0,90.81,61.56,43.09
2025-10-01,8739784990476500.0,Superior Manufacturing Inc,IC,Michael Jones,9018.0,Vinny,9059.0,5/2/2025,4260.52,11.0,46.38,15.72,11.0
2025-10-01,8739746016447475.0,Prime Manufacturing,IC,David Smith,9019.0,Vinny,9059.0,5/20/2025,6648.25,33.0,64.15,57.2,57.2
2025-10-01,8739757256601080.0,Professional Manufacturing,IC,David Smith,9019.0,Vinny,9059.0,9/19/2025,2.48,2.0,58.88,53.93,53.93
2025-10-01,8739732917499181.0,Advanced Manufacturing LLC,IC,David Smith,9019.0,Vinny,9059.0,3/18/2025,347579.22,1545.0,924.96,918.01,918.01
2025-10-01,8739747573037249.0,Modern Manufacturing,DP,David Smith,9019.0,Vinny,9059.0,6/23/2025,0.0,0.0,0.0,-9.99,-9.99
2025-10-01,8739716736666675.0,Classic Manufacturing,DP,Jennifer Jones,9025.0,Vinny,9059.0,3/19/2025,2122.83,5.0,30.74,8.03,4.82
2025-10-01,8739759645701438.0,Express Manufacturing Co,DP,Jennifer Jones,9025.0,Vinny,9059.0,6/12/2025,0.0,0.0,16.55,-30.4,-18.24
2025-10-01,8739729250233018.0,Premier Auto Shop,DP,Jennifer Jones,9025.0,Vinny,9059.0,3/11/2025,2504.02,46.0,73.52,50.32,30.19
2025-10-01,8739700465370044.0,Elite Auto Shop,DP,Jennifer Jones,9025.0,Vinny,9059.0,3/17/2025,3668.63,116.0,81.89,57.42,34.45
2025-10-01,8739743317922117.0,Quality Auto Shop Corp,DP,Jennifer Jones,9025.0,Vinny,9059.0,4/9/2025,4264.79,14.0,113.34,82.1,49.26
2025-10-01,8739782380145193.0,Superior Auto Shop,IC,Jennifer Jones,9025.0,Vinny,9059.0,10/7/2025,20342.53,138.0,110.71,74.07,44.44
2025-10-01,8739759895844448.0,Prime Auto Shop,IC,Jennifer Jones,9025.0,Vinny,9059.0,10/7/2025,14006.89,147.0,97.61,66.37,39.82
2025-10-01,8739713885015638.0,Professional Auto Shop Inc,DP,David Jones,9031.0,Vinny,9059.0,3/27/2025,1298.93,3.0,12.56,-9.21,-5.53
2025-10-01,8739770799310884.0,Advanced Auto Shop,DP,David Jones,9031.0,Vinny,9059.0,5/22/2025,7361.8,23.0,103.36,63.48,38.09
2025-10-01,8739714926368227.0,Modern Auto Shop,DP,David Jones,9031.0,Vinny,9059.0,3/17/2025,7332.81,145.0,146.0,116.12,69.67
2025-10-01,8739724320934320.0,Classic Auto Shop LLC,DP,David Jones,9031.0,Vinny,9059.0,4/11/2025,414.0,1.0,8.07,-28.51,-17.11
2025-10-01,554402009894080.0,Express Auto Shop,DP,David Jones,9031.0,Vinny,9059.0,8/21/2024,9772.93,254.0,109.07,80.79,48.47
2025-10-01,8739772862458728.0,Premier Restaurant,DP,David Jones,9031.0,Vinny,9059.0,6/4/2024,3570.75,2.0,36.43,6.34,3.8
2025-10-01,8739750121027564.0,Elite Restaurant Co,DP,David Jones,9031.0,Vinny,9059.0,1/27/2025,1940.64,12.0,24.46,1.79,1.07
2025-10-01,8739767720974182.0,Quality Restaurant,DP,David Jones,9031.0,Vinny,9059.0,6/20/2024,4593.5,13.0,90.44,64.83,38.9
2025-10-01,8739748636554487.0,Superior Restaurant,DP,David Jones,9031.0,Vinny,9059.0,9/12/2024,7506.48,18.0,113.1,84.82,50.89
2025-10-01,8739790117882039.0,Prime Restaurant Corp,DP,David Jones,9031.0,Vinny,9059.0,1/2/2025,50085.77,183.0,611.01,513.87,308.32
2025-10-01,8739754775527676.0,Professional Restaurant,DP,David Jones,9031.0,Vinny,9059.0,7/10/2024,8680.61,17.0,126.18,89.32,53.59
2025-10-01,8739706784963427.0,Advanced Restaurant,DP,David Jones,9031.0,Vinny,9059.0,1/13/2025,0.0,0.0,-9.7,-34.69,-20.81
2025-10-01,554402009873688.0,Modern Restaurant Inc,DP,David Jones,9031.0,Vinny,9059.0,9/23/2024,2929.42,1.0,51.85,23.59,18.87
2025-10-01,8739748945161422.0,Classic Restaurant,DP,Lisa Jones,9032.0,Vinny,9059.0,5/22/2025,0.0,0.0,41.55,-7.4,-5.92
2025-10-01,8739706365039275.0,Express Restaurant,DP,Lisa Jones,9032.0,Vinny,9059.0,1/16/2025,0.0,0.0,26.55,-23.44,-18.75
2025-10-01,8739744828238047.0,Premier Retail Store LLC,DP,Lisa Jones,9032.0,Vinny,9059.0,7/11/2025,14183.15,20.0,284.65,240.41,192.33
2025-10-01,8739793739889175.0,Elite Retail Store,IC,Lisa Jones,9032.0,Vinny,9059.0,4/21/2025,9348.84,114.0,64.08,39.57,31.66
2025-10-01,554402009827726.0,Quality Retail Store,DP,Lisa Jones,9032.0,Vinny,9059.0,9/18/2024,12153.21,6.0,141.76,107.25,85.8
2025-10-01,554402009848359.0,Superior Retail Store Co,DP,Lisa Jones,9032.0,Vinny,9059.0,1/16/2025,0.0,0.0,0.0,-19.95,-15.96
2025-10-01,8739767483063983.0,Prime Retail Store,DP,Lisa Jones,9032.0,Vinny,9059.0,7/1/2025,0.0,0.0,41.55,-8.44,-6.75
2025-10-01,8739772734686897.0,Professional Retail Store,DP,Lisa Jones,9032.0,Vinny,9059.0,4/7/2025,0.0,0.0,0.0,-49.99,-39.99
2025-10-01,8739706882785776.0,Advanced Retail Store Corp,IC,Lisa Jones,9032.0,Vinny,9059.0,3/25/2025,0.0,0.0,41.55,-8.44,-6.75
2025-10-01,554402009861410.0,Modern Retail Store,IC,Lisa Jones,9032.0,Vinny,9059.0,9/6/2024,71983.32,104.0,185.81,161.58,129.26
2025-10-01,8739799652186877.0,Classic Retail Store,DP,Lisa Jones,9032.0,Vinny,9059.0,6/4/2025,720.0,5.0,30.06,4.28,3.42
2025-10-01,8739750131271430.0,Express Retail Store Inc,IC,Lisa Jones,9032.0,Vinny,9059.0,7/9/2025,597.2,22.0,43.68,-5.91,-4.73
2025-10-01,8739769171715277.0,Premier Medical Center,DP,Lisa Jones,9032.0,Vinny,9059.0,4/30/2025,0.0,0.0,26.55,-23.44,-18.75
2025-10-01,8739766523294456.0,Elite Medical Center,DP,Lisa Jones,9032.0,Vinny,9059.0,7/3/2024,2193.67,7.0,57.82,40.4,32.32
2025-10-01,8739785804413293.0,Quality Medical Center LLC,IC,Lisa Jones,9032.0,Vinny,9059.0,2/27/2025,14160.35,33.0,40.31,17.63,14.1
2025-10-01,8739708074111442.0,Superior Medical Center,IC,Lisa Jones,9032.0,Vinny,9059.0,4/29/2024,18502.88,778.0,119.02,81.6,65.28
2025-10-01,8739706262057673.0,Prime Medical Center,IC,Lisa Jones,9032.0,Vinny,9059.0,5/20/2025,155563.0,301.0,640.7,594.95,475.96
2025-10-01,8739723128620616.0,Professional Medical Center Co,DP,Lisa Jones,9032.0,Vinny,9059.0,10/31/2025,0.0,0.0,-2.5,-17.5,-14.0
2025-10-01,8739735997769876.0,Advanced Medical Center,IC,Lisa Jones,9032.0,Vinny,9059.0,10/7/2025,0.02,2.0,32.31,-17.92,-14.34
2025-10-01,8739774772608856.0,Modern Medical Center,DP,Robert Jones,9034.0,Vinny,9059.0,8/5/2025,5980.0,1.0,82.58,72.54,72.54
2025-10-01,8739796043341450.0,Classic Medical Center Corp,DP,Robert Jones,9034.0,Vinny,9059.0,10/13/2025,2186.86,5.0,40.35,25.41,25.41
2025-10-01,8739782195938492.0,Express Medical Center,IC,Robert Jones,9034.0,Vinny,9059.0,10/9/2025,32127.07,20.0,105.86,86.92,86.92
2025-10-01,8739700185476281.0,Premier Consulting,DP,Robert Jones,9034.0,Vinny,9059.0,10/13/2025,0.02,2.0,40.98,36.03,36.03
2025-10-01,8739797640527126.0,Elite Consulting Inc,DP,Robert Jones,9034.0,Vinny,9059.0,10/13/2025,1202.58,34.0,-0.77,-9.72,-9.72
2025-10-01,8739791246465847.0,Quality Consulting,DP,Emily Jones,9037.0,Vinny,9059.0,12/17/2024,0.0,0.0,49.55,4.6,2.3
2025-10-01,8739795878771208.0,Superior Consulting,IC,Emily Jones,9037.0,Vinny,9059.0,11/15/2024,0.0,0.0,46.55,6.55,3.28
2025-10-01,8739774006828016.0,Prime Consulting LLC,IC,Emily Jones,9037.0,Vinny,9059.0,11/13/2024,194689.58,228.0,474.96,417.75,208.88
2025-10-01,8739769112149670.0,Professional Consulting,IC,James Jones,9042.0,Vinny,9059.0,1/21/2025,15449.0,22.0,44.52,10.44,7.31
2025-10-01,8739720670145112.0,Advanced Consulting,IC,James Jones,9042.0,Vinny,9059.0,3/10/2025,49121.69,463.0,645.1,606.07,424.25
2025-10-01,8739703287929277.0,Modern Consulting Co,DP,Maria Jones,9044.0,Vinny,9059.0,7/2/2025,0.0,0.0,46.08,4.08,2.45
2025-10-01,8739753466795853.0,Classic Consulting,IC,Maria Jones,9044.0,Vinny,9059.0,4/16/2025,0.0,0.0,46.55,6.55,3.93
2025-10-01,8739768819786301.0,Express Consulting,DP,John Garcia,9046.0,Vinny,9059.0,10/31/2025,0.0,0.0,-2.5,-2.5,-2.5
2025-10-01,8739773157583381.0,Premier Services Corp,IC,Sarah Garcia,9052.0,Vinny,9059.0,,0.0,0.0,41.54,1.54,1.08
2025-10-01,8739798072144813.0,Elite Services,DP,Sarah Garcia,9052.0,Vinny,9059.0,8/22/2025,2004.01,70.0,51.11,34.02,23.81
2025-10-01,8739734489422757.0,Quality Services,DP,Sarah Garcia,9052.0,Vinny,9059.0,7/29/2025,0.0,0.0,-8.45,-23.45,-16.42
2025-10-01,8739766524559920.0,Superior Services Inc,IC,Sarah Garcia,9052.0,Vinny,9059.0,4/23/2025,12550.01,84.0,151.46,129.83,90.88
2025-10-01,815219958882.0,Prime Services,DP,Sarah Garcia,9052.0,Vinny,9059.0,7/24/2025,0.0,0.0,78.25,38.25,26.78
2025-10-01,8739769065660447.0,Professional Services,DP,Sarah Garcia,9052.0,Vinny,9059.0,4/28/2025,1158.92,42.0,41.34,10.15,7.1
2025-10-01,8739703905741818.0,Advanced Services LLC,DP,Sarah Garcia,9052.0,Vinny,9059.0,8/18/2025,5905.92,271.0,128.84,105.42,73.79
2025-10-01,8739789607929698.0,Modern Services,DP,Sarah Garcia,9052.0,Vinny,9059.0,7/24/2025,0.0,0.0,41.54,1.54,1.08
2025-10-01,8739746068467097.0,Classic Services,DP,Sarah Garcia,9052.0,Vinny,9059.0,7/15/2025,0.0,0.0,53.5,3.51,2.46
2025-10-01,8739757386573235.0,Express Services Co,DP,Sarah Garcia,9052.0,Vinny,9059.0,6/12/2025,0.0,0.0,37.54,-2.46,-1.72
2025-10-01,8739735345569287.0,Premier Logistics,IC,Sarah Garcia,9052.0,Vinny,9059.0,6/30/2025,167535.74,5650.0,1928.88,1843.88,1290.72
2025-10-01,8739771101630888.0,Elite Logistics,DP,Sarah Garcia,9052.0,Vinny,9059.0,6/3/2025,0.0,0.0,495.0,480.0,336.0
2025-10-01,8739749413625581.0,Quality Logistics Corp,DP,Michael Garcia,9054.0,Vinny,9059.0,2/7/2025,1357.14,5.0,28.97,8.88,6.22
2025-10-01,8739776152910785.0,Superior Logistics,DP,Michael Garcia,9054.0,Vinny,9059.0,3/5/2025,0.0,0.0,41.55,-5.4,-3.78
2025-10-01,815222565880.0,Prime Logistics,DP,Michael Garcia,9054.0,Vinny,9059.0,9/18/2025,10469.78,386.0,218.43,202.39,141.67
2025-10-01,8739779552578189.0,Professional Logistics Inc,IC,Jennifer Garcia,9055.0,Vinny,9059.0,4/2/2025,0.0,0.0,0.0,-40.0,-20.0
2025-10-01,8739776526977664.0,Advanced Logistics,DP,Jennifer Garcia,9055.0,Vinny,9059.0,8/1/2025,0.0,0.0,26.55,-18.4,-9.2
2025-10-01,8739723227886931.0,Modern Logistics,DP,David Garcia,9056.0,Vinny,9059.0,4/18/2024,721.0,2.0,32.46,2.41,1.93
2025-10-01,554402009837154.0,Classic Logistics LLC,IC,Lisa Garcia,9058.0,Vinny,9059.0,5/28/2024,0.0,0.0,49.0,9.0,5.4
2025-10-01,554402009942004.0,Express Logistics,IC,Lisa Garcia,9058.0,Vinny,9059.0,5/16/2024,0.0,0.0,49.0,9.0,5.4
2025-10-01,8739763294247905.0,Premier Tech Solutions,IC,Robert Garcia,9059.0,Vinny,9059.0,6/24/2025,92590.73,119.0,375.1,320.8,224.56
2025-10-01,8739795946234431.0,Elite Tech Solutions Co,IC,Emily Garcia,9060.0,Vinny,9059.0,7/6/2025,0.0,0.0,23.5,-16.5,-13.2
2025-10-01,815210397882.0,Quality Tech Solutions,DP,Emily Garcia,9060.0,Vinny,9059.0,2/3/2025,29274.92,1040.0,449.56,400.04,320.03
2025-10-01,8739750748609605.0,Superior Tech Solutions,DP,Emily Garcia,9060.0,Vinny,9059.0,9/17/2025,798.2,24.0,-11.77,-32.65,-26.12
2025-10-01,8739776606405228.0,Prime Tech Solutions Corp,DP,Emily Garcia,9060.0,Vinny,9059.0,10/8/2025,0.0,0.0,31.55,-8.45,-6.76
2025-10-01,8739754901667652.0,Professional Tech Solutions,IC,James Garcia,9061.0,,,10/10/2024,145.0,1.0,16.72,-32.79,-19.67
2025-10-01,8739708752123295.0,Advanced Tech Solutions,IC,James Garcia,9061.0,,,9/22/2025,1023.62,45.0,24.58,-27.65,-16.59
2025-10-01,8739750224897768.0,Modern Tech Solutions Inc,IC,James Garcia,9061.0,,,11/14/2024,0.0,0.0,16.55,-33.44,-20.06
2025-10-01,8739753464446452.0,Classic Tech Solutions,IC,James Garcia,9061.0,,,4/15/2025,0.0,0.0,16.55,-33.44,-20.06
2025-10-01,8739728320014042.0,Express Tech Solutions,IC,James Garcia,9061.0,,,11/7/2024,0.0,0.0,16.55,-23.45,-14.07
2025-10-01,8739709456746829.0,Premier Construction LLC,IC,James Garcia,9061.0,,,10/18/2024,109826.08,107.0,414.4,369.03,221.42
2025-10-01,8739795436940257.0,Elite Construction,IC,James Garcia,9061.0,,,4/7/2025,0.0,0.0,36.5,-13.49,-8.09
2025-10-01,8739735787393233.0,Quality Construction,IC,James Garcia,9061.0,,,7/30/2025,0.0,0.0,16.55,-33.44,-20.06
2025-10-01,8739722397314529.0,Superior Construction Co,IC,James Garcia,9061.0,,,11/8/2024,0.0,0.0,16.55,-33.44,-20.06
2025-10-01,8739707981375464.0,Prime Construction,IC,James Garcia,9061.0,,,7/29/2025,0.0,0.0,16.55,-33.44,-20.06
2025-10-01,8739722093806557.0,Professional Construction,IC,James Garcia,9061.0,,,7/23/2025,1911.06,4.0,18.02,-25.29,-15.17
2025-10-01,8739797541379655.0,Advanced Construction Corp,IC,James Garcia,9061.0,,,4/4/2025,0.0,0.0,-8.45,-33.44,-20.06
2025-10-01,8739756247421665.0,Modern Construction,IC,James Garcia,9061.0,,,8/9/2024,0.0,0.0,46.55,6.55,3.93
2025-10-01,8739777144442139.0,Classic Construction,IC,James Garcia,9061.0,,,1/15/2025,0.0,0.0,16.55,-33.44,-20.06
2025-10-01,8739787781392518.0,Express Construction Inc,IC,James Garcia,9061.0,,,4/15/2025,500.0,1.0,16.86,-31.37,-18.82
2025-10-01,8739726672026990.0,Premier Manufacturing,IC,James Garcia,9061.0,,,1/17/2025,3632.52,4.0,16.82,-19.69,-11.81
2025-10-01,8739728218245469.0,Elite Manufacturing,IC,James Garcia,9061.0,,,2/3/2025,0.0,0.0,16.55,-23.45,-14.07
2025-10-01,8739799980156325.0,Quality Manufacturing LLC,IC,James Garcia,9061.0,,,3/3/2025,0.0,0.0,0.0,-49.99,-29.99
2025-10-01,8739773752150301.0,Superior Manufacturing,IC,James Garcia,9061.0,,,8/19/2025,270.0,1.0,16.81,-32.24,-19.34
2025-10-01,8739758805721748.0,Prime Manufacturing,IC,James Garcia,9061.0,,,9/4/2024,0.0,0.0,16.55,-23.45,-14.07
2025-10-01,8739798491160709.0,Professional Manufacturing Co,IC,James Garcia,9061.0,,,9/10/2024,0.0,0.0,16.55,-33.44,-20.06
2025-10-01,8739731067873068.0,Advanced Manufacturing,IC,James Garcia,9061.0,,,10/1/2024,6282.43,87.0,35.52,12.82,7.69
2025-10-01,,Modern Manufacturing,,,,,,,0.0,,0.0,0.0,0.0
2025-10-01,,Modern Manufacturing,,,,,,,0.0,,76279.01,0.0,0.0
